{"cameraMode":{"drawMode":0,"name":"Shaded","section":"Shading Mode"},"sceneLighting":true,"audioPlay":false,"sceneViewState":{"m_AlwaysRefresh":false,"showFog":true,"showSkybox":true,"showFlares":true,"showImageEffects":true,"showParticleSystems":true,"showVisualEffectGraphs":true,"m_FxEnabled":true},"in2DMode":false,"pivot":{"x":-0.3117507994174957,"y":0.12799939513206483,"z":1.2121775150299073},"rotation":{"x":-0.007184928748756647,"y":-0.742106020450592,"z":0.6701987981796265,"w":-0.007954093627631665},"size":4.503238677978516,"orthographic":false}