{"cameraMode":{"drawMode":0,"name":"Shaded","section":"Shading Mode"},"sceneLighting":true,"audioPlay":false,"sceneViewState":{"m_AlwaysRefresh":false,"showFog":true,"showSkybox":true,"showFlares":true,"showImageEffects":true,"showParticleSystems":true,"showVisualEffectGraphs":true,"m_FxEnabled":true},"in2DMode":false,"pivot":{"x":0.2689982056617737,"y":0.06399351358413696,"z":-0.31378984451293948},"rotation":{"x":-0.21972285211086274,"y":0.7608592510223389,"z":-0.3224126398563385,"w":-0.5185227990150452},"size":1.5226057767868043,"orthographic":false}